Id,AppUserUUID,ClientID,Date,Fail,IsLogin,IsNeedSendMail,IsPaused,Log,NextDate,PausedReason,PwdOrSecert,Request,Success,TimeStamp,TodayFail,TodayRequest,TodaySuccess,UserName
11fb2111-32c5-4fb3-b93c-76408c06a9ed,8f581d5b-badb-442f-a049-dc2775668498,e228e2ee-09c0-46ee-8b28-1a9f260e2745,03/28/2022 15:43:16,33,True,False,True,"用户.见解.共享的列表#TOKEN-HTTPER:由于目标计算机积极拒绝，无法连接。#失败
人员和工作场所智能.见解.列出趋势#TOKEN-HTTPER:由于目标计算机积极拒绝，无法连接。#失败
文件.驱动器项目.上载#TOKEN-HTTPER:由于目标计算机积极拒绝，无法连接。#失败
组.组.列出隶属于#TOKEN-HTTPER:由于目标计算机积极拒绝，无法连接。#失败
用户.组织层次架构.列出直接下属#TOKEN-HTTPER:由于目标计算机积极拒绝，无法连接。#失败
团队合作.团队.列出你的团队#TOKEN-HTTPER:由于目标计算机积极拒绝，无法连接。#失败
任务和计划.任务.列出用户的任务#TOKEN-HTTPER:由于目标计算机积极拒绝，无法连接。#失败
用户.用户.列出用户#TOKEN-HTTPER:由于目标计算机积极拒绝，无法连接。#失败
云通信.状态(预览版).获取状态#TOKEN-HTTPER:由于目标计算机积极拒绝，无法连接。#失败
个人联系人.联系人文件夹.列出联系人文件夹#TOKEN-HTTPER:由于目标计算机积极拒绝，无法连接。#失败
网站和列表.网站.关注网站列表#TOKEN-HTTPER:由于目标计算机积极拒绝，无法连接。#失败
个人联系人.联系人.列出联系人#TOKEN-HTTPER:由于目标计算机积极拒绝，无法连接。#失败
文件.驱动器.列出子项#TOKEN-HTTPER:由于目标计算机积极拒绝，无法连接。#失败
邮件.邮件.列出邮件#TOKEN-HTTPER:由于目标计算机积极拒绝，无法连接。#失败
预览版上(办事).任务列表.列出任务列表#TOKEN-HTTPER:由于目标计算机积极拒绝，无法连接。#失败
日历.日历组.列出日历组#TOKEN-HTTPER:由于目标计算机积极拒绝，无法连接。#失败
日历.日历.列出事件#TOKEN-HTTPER:由于目标计算机积极拒绝，无法连接。#失败
邮件.类别.列出类别#TOKEN-HTTPER:由于目标计算机积极拒绝，无法连接。#失败
任务和计划.计划.列出用户收藏的计划#TOKEN-HTTPER:由于目标计算机积极拒绝，无法连接。#失败
客户预订(预览版).预订货币.列表#TOKEN-HTTPER:由于目标计算机积极拒绝，无法连接。#失败
邮件.规则.列出规则#TOKEN-HTTPER:由于目标计算机积极拒绝，无法连接。#失败
用户.见解.列出趋势#TOKEN-HTTPER:由于目标计算机积极拒绝，无法连接。#失败
用户.用户设置.获取设置#TOKEN-HTTPER:由于目标计算机积极拒绝，无法连接。#失败
组.组.列出组#TOKEN-HTTPER:由于目标计算机积极拒绝，无法连接。#失败
邮件.邮件文件夹.列出邮件文件夹#TOKEN-HTTPER:由于目标计算机积极拒绝，无法连接。#失败
任务和计划.计划.列出用户的计划#TOKEN-HTTPER:由于目标计算机积极拒绝，无法连接。#失败
任务和计划.计划.列出用户最近使用的计划#TOKEN-HTTPER:由于目标计算机积极拒绝，无法连接。#失败
用户.预览版的首选(和区域).获取#TOKEN-HTTPER:由于目标计算机积极拒绝，无法连接。#失败
个人联系人.类别.列出类别#TOKEN-HTTPER:由于目标计算机积极拒绝，无法连接。#失败
人员和工作场所智能.见解.共享的列表#TOKEN-HTTPER:由于目标计算机积极拒绝，无法连接。#失败
人员和工作场所智能.见解.使用的列表#TOKEN-HTTPER:由于目标计算机积极拒绝，无法连接。#失败
文件.驱动器.列出可用的驱动器#TOKEN-HTTPER:由于目标计算机积极拒绝，无法连接。#失败
人员和工作场所智能.人员.列出人员#TOKEN-HTTPER:由于目标计算机积极拒绝，无法连接。#失败
",03/28/2022 16:07:22,错误率过高-可能由应用程序缺少权限、新账号未初始化完成、Microsoft网络波动等因素造成,poiPOI1236987456,33,0,03/28/2022 15:09:45,0,0,0,woker@16163.onmicrosoft.com
